Workbook

Sheet Read Me First
B2: SauceDemo Test Suite - Cleaned-Up Version
B3: Your original test cases, fixed and expanded, with notes explaining every change.
B5: Test Cases tab | C5: 46 cases. The last column ('Learning Note') explains what changed or what technique a new case uses. Compare with your original file side by side.
B6: Mini FRS tab | C6: The requirements the cases trace back to. 'Linked Cases' counts how many test cases cover each requirement; a 0 turns red.
B7: Summary tab | C7: Live counts by status, type, priority and module. These update as you fill in Status.
B9: Source column legend
B10: Yours - rewritten | C10: Your case, kept, with a sharper expected result, split preconditions or labelled test data.
B11: Yours - fixed | C11: Your case with a concrete error corrected (duplicate ID, wrong step, wrong Req ID).
B12: Yours - merged | C12: Two of your cases combined into one.
B13: New | C13: A case I drafted to fill a gap (negative, boundary, access control, calculation checks).
B15: IMPORTANT | C15: I could not run the site, so Expected Results are drafted from how SauceDemo normally behaves. Your job is to execute each case, fill in Actual Result, and set Status. A mismatch is the interesting part: it is either a bug or an expectation I got wrong. Do not edit Expected to match Actual just to get a Pass. Anything you can't reproduce, tell me and I'll correct it.
B16: Good habits shown here | C16: 1) Steps are actions only; results go in Expected. 2) One idea per test case. 3) Every case traces to a requirement ID. 4) Test data is labelled and repeatable. 5) Roughly a third of the cases are negative or boundary.
B17: Two cases to watch | C17: TC_SwagLabs_026 (empty-cart checkout) and TC_SwagLabs_036 (order confirmation vs. PDF receipt) are the most likely to behave differently from what you'd assume - good practice for your bug-reporting week.

Sheet Test Cases
A1: TC ID | B1: Module | C1: Req ID | D1: Scenario | E1: Test Case Title | F1: Type | G1: Priority | H1: Preconditions | I1: Steps | J1: Test Data | K1: Expected Result | L1: Actual Result | M1: Status
A2: TC_SwagLabs_001 | B2: Login | C2: FR-1.1 | D2: User can log in | E2: Verify login with valid username and valid password | F2: Positive | G2: High | H2: User is on the login page (https://www.saucedemo.com) | I2: 1. Open https://www.saucedemo.com in a browser 2. Enter the username 3. Enter the password 4. Click Login | J2: Username: standard_user Password: secret_sauce | K2: User is redirected to /inventory.html and the Products page shows 6 items. | L2: As expected | M2: Passed
A3: TC_SwagLabs_002 | B3: Login | C3: FR-1.2 | D3: Invalid credentials are rejected | E3: Verify login with valid username and invalid password | F3: Negative | G3: High | H3: User is on the login page (https://www.saucedemo.com) | I3: 1. Open https://www.saucedemo.com 2. Enter a valid username 3. Enter an invalid password 4. Click Login | J3: Username: standard_user Password: xxxx | K3: User stays on the login page and sees: 'Epic sadface: Username and password do not match any user in this service'. No redirect to /inventory.html. | L3: As expected | M3: Passed
A4: TC_SwagLabs_003 | B4: Login | C4: FR-1.2 | D4: Invalid credentials are rejected | E4: Verify login with invalid username and valid password | F4: Negative | G4: High | H4: User is on the login page (https://www.saucedemo.com) | I4: 1. Open https://www.saucedemo.com 2. Enter an invalid username 3. Enter a valid password 4. Click Login | J4: Username: xxxx Password: secret_sauce | K4: Same error as above: 'Epic sadface: Username and password do not match any user in this service'. | L4: As expected | M4: Passed
A5: TC_SwagLabs_004 | B5: Login | C5: FR-1.2 | D5: Invalid credentials are rejected | E5: Verify login with invalid username and invalid password | F5: Negative | G5: Medium | H5: User is on the login page (https://www.saucedemo.com) | I5: 1. Open https://www.saucedemo.com 2. Enter an invalid username 3. Enter an invalid password 4. Click Login | J5: Username: xxxx Password: xxxx | K5: Same error as above: 'Epic sadface: Username and password do not match any user in this service'. | L5: As expected | M5: Passed
A6: TC_SwagLabs_005 | B6: Login | C6: FR-1.3 | D6: Username and password are required | E6: Verify login with empty username and valid password | F6: Negative | G6: High | H6: User is on the login page (https://www.saucedemo.com) | I6: 1. Open https://www.saucedemo.com 2. Leave the username empty 3. Enter the password 4. Click Login | J6: Username: (empty) Password: secret_sauce | K6: Error shown: 'Epic sadface: Username is required'. User stays on the login page. | L6: As expected | M6: Passed
A7: TC_SwagLabs_006 | B7: Login | C7: FR-1.3 | D7: Username and password are required | E7: Verify login with valid username and empty password | F7: Negative | G7: High | H7: User is on the login page (https://www.saucedemo.com) | I7: 1. Open https://www.saucedemo.com 2. Enter the username 3. Leave the password empty 4. Click Login | J7: Username: standard_user Password: (empty) | K7: Error shown: 'Epic sadface: Password is required'. User stays on the login page. | L7: As expected | M7: Passed
A8: TC_SwagLabs_007 | B8: Login | C8: FR-1.3 | D8: Username and password are required | E8: Verify login with both fields empty | F8: Negative | G8: Medium | H8: User is on the login page (https://www.saucedemo.com) | I8: 1. Open https://www.saucedemo.com 2. Leave both fields empty 3. Click Login | J8: Username: (empty) Password: (empty) | K8: Error shown: 'Epic sadface: Username is required' (username is validated first). User stays on the login page. | L8: As expected | M8: Passed
A9: TC_SwagLabs_008 | B9: Login | C9: FR-1.4 | D9: Locked-out users cannot log in | E9: Verify a locked-out user cannot log in | F9: Negative | G9: High | H9: User is on the login page (https://www.saucedemo.com) | I9: 1. Open https://www.saucedemo.com 2. Enter the locked-out username and the password 3. Click Login | J9: Username: locked_out_user Password: secret_sauce | K9: Error shown: 'Epic sadface: Sorry, this user has been locked out.' User is not logged in. | L9: As expected | M9: Passed
A10: TC_SwagLabs_009 | B10: Login | C10: FR-1.5 | D10: Protected pages require login | E10: Verify the products page cannot be opened without logging in | F10: Negative | G10: High | H10: User is NOT logged in (use a fresh incognito/private window) | I10: 1. Open a new incognito window 2. Go directly to https://www.saucedemo.com/inventory.html | J10: N/A | K10: User is sent to the login page with the error: "Epic sadface: You can only access '/inventory.html' when you are logged in." | L10: As expected | M10: Passed
A11: TC_SwagLabs_010 | B11: Login | C11: FR-1.2 | D11: Invalid credentials are rejected | E11: Verify the username is case-sensitive | F11: Negative | G11: Medium | H11: User is on the login page (https://www.saucedemo.com) | I11: 1. Open https://www.saucedemo.com 2. Enter the username in capital letters 3. Enter the password 4. Click Login | J11: Username: STANDARD_USER Password: secret_sauce | K11: Login is rejected with the 'do not match any user' error. | L11: As expected | M11: Passed
A12: TC_SwagLabs_011 | B12: Products | C12: FR-2.1 | D12: User can view all products | E12: Verify all products are displayed on the products page | F12: Positive | G12: High | H12: User is logged in as standard_user | I12: 1. Log in with valid credentials 2. Observe the Products page | J12: Username: standard_user Password: secret_sauce | K12: 6 product cards are displayed. Each card shows an image, name, description, price and an 'Add to cart' button. | L12: As expected | M12: Passed
... A48: TC_SwagLabs_047 | B48: Menu | C48: FR-7.2 | D48: User can reset the app state | E48: Verify product buttons return to “Add to cart” after Reset App State without a page refresh | F48: Positive | G48: Low | H48: User is logged in as standard_user; 2 items in the cart | I48: 1. Click the menu icon 2. Click 'Reset App State' 3. Look at the buttons on the Products page without refreshing | J48: N/A | K48: The buttons for the items that were in the cart return to “Add to cart”. | L48: The buttons still read “Remove”. They only return to “Add to cart” after a refresh. | M48: Failed

Sheet Mini FRS
A1: Req ID | B1: Module | C1: Requirement | D1: Origin | E1: Linked Cases
A2: FR-1.1 | B2: Login | C2: A user with valid credentials can log in and is taken to the products page. | D2: Yours (1.1) | E2: =COUNTIF('Test Cases'!$C$2:$C$48,A2) -> 1
A3: FR-1.2 | B3: Login | C3: Login is rejected with an error message when the username or password is incorrect. | D3: Split from your 1.1 | E3: =COUNTIF('Test Cases'!$C$2:$C$48,A3) -> 4
A4: FR-1.3 | B4: Login | C4: Username and password are both required; an error is shown if either is empty. | D4: New | E4: =COUNTIF('Test Cases'!$C$2:$C$48,A4) -> 3
A5: FR-1.4 | B5: Login | C5: A locked-out user cannot log in and sees a lock-out message. | D5: New | E5: =COUNTIF('Test Cases'!$C$2:$C$48,A5) -> 1
A6: FR-1.5 | B6: Login | C6: Protected pages cannot be opened without being logged in. | D6: New | E6: =COUNTIF('Test Cases'!$C$2:$C$48,A6) -> 1
A7: FR-2.1 | B7: Products | C7: The products page displays all products with image, name, description, price and an Add to cart button. | D7: Yours (2.1) | E7: =COUNTIF('Test Cases'!$C$2:$C$48,A7) -> 1
A8: FR-2.2 | B8: Product details | C8: Clicking a product's image or title opens its details page. | D8: Yours (2.2) | E8: =COUNTIF('Test Cases'!$C$2:$C$48,A8) -> 2
A9: FR-2.3 | B9: Product details | C9: The user can return to the products page from the details page. | D9: Yours (2.3) | E9: =COUNTIF('Test Cases'!$C$2:$C$48,A9) -> 1
A10: FR-3.1 | B10: Cart | C10: The user can add an item to the cart from the products page. | D10: Yours (3.1) | E10: =COUNTIF('Test Cases'!$C$2:$C$48,A10) -> 1
A11: FR-3.2 | B11: Cart | C11: The user can remove an item from the cart on the products page. | D11: Yours (3.2) | E11: =COUNTIF('Test Cases'!$C$2:$C$48,A11) -> 1
A12: FR-3.3 | B12: Cart | C12: The user can add an item to the cart from the details page. | D12: Yours (3.3) | E12: =COUNTIF('Test Cases'!$C$2:$C$48,A12) -> 1
A13: FR-3.4 | B13: Cart | C13: The user can remove an item from the cart on the details page. | D13: Yours (3.4) | E13: =COUNTIF('Test Cases'!$C$2:$C$48,A13) -> 1
... A28: FR-7.2 | B28: Menu | C28: The user can reset the app state, which clears the cart. | D28: New | E28: =COUNTIF('Test Cases'!$C$2:$C$48,A28) -> 2

Sheet Summary
B2: Test Execution Summary
B4: Total test cases | C4: =COUNTA('Test Cases'!A2:A48) -> 47
B5: Executed (Passed + Failed + Blocked) | C5: =COUNTIF('Test Cases'!M2:M48,"Passed")+COUNTIF('Test Cases'!M2:M48,"Failed")+COUNTIF('Test Cases'!M2:M48,"Blocked") -> 47
B6: % executed | C6: =IFERROR(C5/C4,0) -> 1
B7: Pass rate (of Passed + Failed) | C7: =IFERROR(COUNTIF('Test Cases'!M2:M48,"Passed")/(COUNTIF('Test Cases'!M2:M48,"Passed")+COUNTIF('Test Cases'!M2:M48,"Failed")),0) -> 0.95744681
B8: Negative + Boundary share | C8: =IFERROR((COUNTIF('Test Cases'!F2:F48,"Negative")+COUNTIF('Test Cases'!F2:F48,"Boundary"))/C4,0) -> 0.36170213
B10: By Status | C10: Count | D10: % of total
B11: Not Run | C11: =COUNTIF('Test Cases'!$M$2:$M$48,B11) -> 0 | D11: =IFERROR(C11/$C$4,0) -> 0
B12: Passed | C12: =COUNTIF('Test Cases'!$M$2:$M$48,B12) -> 45 | D12: =IFERROR(C12/$C$4,0) -> 0.95744681
B13: Failed | C13: =COUNTIF('Test Cases'!$M$2:$M$48,B13) -> 2 | D13: =IFERROR(C13/$C$4,0) -> 0.042553191
B14: Blocked | C14: =COUNTIF('Test Cases'!$M$2:$M$48,B14) -> 0 | D14: =IFERROR(C14/$C$4,0) -> 0
B16: By Type | C16: Count | D16: % of total
B17: Positive | C17: =COUNTIF('Test Cases'!$F$2:$F$48,B17) -> 30 | D17: =IFERROR(C17/$C$4,0) -> 0.63829787
B18: Negative | C18: =COUNTIF('Test Cases'!$F$2:$F$48,B18) -> 16 | D18: =IFERROR(C18/$C$4,0) -> 0.34042553
B19: Boundary | C19: =COUNTIF('Test Cases'!$F$2:$F$48,B19) -> 1 | D19: =IFERROR(C19/$C$4,0) -> 0.021276596
B21: By Priority | C21: Count | D21: % of total
B22: High | C22: =COUNTIF('Test Cases'!$G$2:$G$48,B22) -> 21 | D22: =IFERROR(C22/$C$4,0) -> 0.44680851
B23: Medium | C23: =COUNTIF('Test Cases'!$G$2:$G$48,B23) -> 22 | D23: =IFERROR(C23/$C$4,0) -> 0.46808511
B24: Low | C24: =COUNTIF('Test Cases'!$G$2:$G$48,B24) -> 4 | D24: =IFERROR(C24/$C$4,0) -> 0.085106383
B26: By Module | C26: Count | D26: % of total
B27: Login | C27: =COUNTIF('Test Cases'!$B$2:$B$48,B27) -> 10 | D27: =IFERROR(C27/$C$4,0) -> 0.21276596
B28: Products | C28: =COUNTIF('Test Cases'!$B$2:$B$48,B28) -> 5 | D28: =IFERROR(C28/$C$4,0) -> 0.10638298
B29: Product details | C29: =COUNTIF('Test Cases'!$B$2:$B$48,B29) -> 3 | D29: =IFERROR(C29/$C$4,0) -> 0.063829787
B30: Cart | C30: =COUNTIF('Test Cases'!$B$2:$B$48,B30) -> 5 | D30: =IFERROR(C30/$C$4,0) -> 0.10638298
B31: Cart page | C31: =COUNTIF('Test Cases'!$B$2:$B$48,B31) -> 7 | D31: =IFERROR(C31/$C$4,0) -> 0.14893617
B32: Checkout | C32: =COUNTIF('Test Cases'!$B$2:$B$48,B32) -> 13 | D32: =IFERROR(C32/$C$4,0) -> 0.27659574
B33: Menu | C33: =COUNTIF('Test Cases'!$B$2:$B$48,B33) -> 4 | D33: =IFERROR(C33/$C$4,0) -> 0.085106383
